Campaign,Criterion Type,Negative Keyword
"Akumulateo - Pogotowie Akumulatorowe 24h",Broad,"pzu"
"Akumulateo - Pogotowie Akumulatorowe 24h",Broad,"warta"
"Akumulateo - Pogotowie Akumulatorowe 24h",Broad,"hestia"
"Akumulateo - Pogotowie Akumulatorowe 24h",Broad,"pzu assistance"
"Akumulateo - Pogotowie Akumulatorowe 24h",Broad,"pzu assistance telefon"
"Akumulateo - Pogotowie Akumulatorowe 24h",Broad,"warta assistance"
"Akumulateo - Pogotowie Akumulatorowe 24h",Broad,"warta hdi assistance"
"Akumulateo - Pogotowie Akumulatorowe 24h",Broad,"warta pomoc drogowa"
"Akumulateo - Pogotowie Akumulatorowe 24h",Broad,"ergo hestia assistance"
"Akumulateo - Pogotowie Akumulatorowe 24h",Broad,"generali assistance"
"Akumulateo - Pogotowie Akumulatorowe 24h",Broad,"link4 assistance"
"Akumulateo - Pogotowie Akumulatorowe 24h",Broad,"lexus assistance"
"Akumulateo - Pogotowie Akumulatorowe 24h",Broad,"ford assistance"
"Akumulateo - Pogotowie Akumulatorowe 24h",Broad,"arval assistance 24h"
"Akumulateo - Pogotowie Akumulatorowe 24h",Broad,"tip roadside assistance"
"Akumulateo - Pogotowie Akumulatorowe 24h",Broad,"wulkanizacja"
"Akumulateo - Pogotowie Akumulatorowe 24h",Broad,"wulkanizator"
"Akumulateo - Pogotowie Akumulatorowe 24h",Broad,"wulkanizacja mobilna"
"Akumulateo - Pogotowie Akumulatorowe 24h",Broad,"шиномонтаж"
"Akumulateo - Pogotowie Akumulatorowe 24h",Broad,"wymiana koła"
"Akumulateo - Pogotowie Akumulatorowe 24h",Broad,"naprawa opon"
"Akumulateo - Pogotowie Akumulatorowe 24h",Broad,"opony"
"Akumulateo - Pogotowie Akumulatorowe 24h",Broad,"laweta"
"Akumulateo - Pogotowie Akumulatorowe 24h",Broad,"warsztat samochodowy"
"Akumulateo - Pogotowie Akumulatorowe 24h",Broad,"warsztat samochodowy 24h"
"Akumulateo - Pogotowie Akumulatorowe 24h",Broad,"elektryk samochodowy warszawa z dojazdem"
"Akumulateo - Pogotowie Akumulatorowe 24h",Broad,"mobilny elektryk samochodowy"
"Akumulateo - Pogotowie Akumulatorowe 24h",Broad,"prostownik"
"Akumulateo - Pogotowie Akumulatorowe 24h",Broad,"ładowarka akumulatorów"
"Akumulateo - Pogotowie Akumulatorowe 24h",Broad,"jump booster"
"Akumulateo - Pogotowie Akumulatorowe 24h",Broad,"booster do samochodu"
"Akumulateo - Pogotowie Akumulatorowe 24h",Broad,"motocykl"
"Akumulateo - Pogotowie Akumulatorowe 24h",Broad,"odbiór osobisty"
"Akumulateo - Pogotowie Akumulatorowe 24h",Broad,"dolna"
"Akumulateo - Pogotowie Akumulatorowe 24h",Broad,"herbsta"
"Akumulateo - Pogotowie Akumulatorowe 24h",Broad,"herbstadolna"
"Akumulateo - Pogotowie Akumulatorowe 24h",Broad,"zamieniecka"
"Akumulateo - Pogotowie Akumulatorowe 24h",Broad,"akumulatory zamieniecka"
"Akumulateo - Pogotowie Akumulatorowe 24h",Broad,"akumulatory modlińska"
"Akumulateo - Pogotowie Akumulatorowe 24h",Broad,"radzymińska akumulatory"
"Akumulateo - Pogotowie Akumulatorowe 24h",Broad,"akumulatory dolna"
"Akumulateo - Pogotowie Akumulatorowe 24h",Broad,"sklepy"
"Akumulateo - Pogotowie Akumulatorowe 24h",Broad,"sklep z akumulatorami warszawa"
"Akumulateo - Pogotowie Akumulatorowe 24h",Broad,"sklep akumulatory warszawa"
"Akumulateo - Pogotowie Akumulatorowe 24h",Broad,"tanie akumulatory warszawa"
"Akumulateo - Pogotowie Akumulatorowe 24h",Broad,"sklep z akumulatorami"
"Akumulateo - Pogotowie Akumulatorowe 24h",Broad,"sklepy z akumulatorami"
"Akumulateo - Pogotowie Akumulatorowe 24h",Broad,"sklep motoryzacyjny"
"Akumulateo - Pogotowie Akumulatorowe 24h",Broad,"hurtownia akumulatorów"
"Akumulateo - Pogotowie Akumulatorowe 24h",Broad,"hurtownia"
"Akumulateo - Pogotowie Akumulatorowe 24h",Broad,"centrum akumulatorów"
"Akumulateo - Pogotowie Akumulatorowe 24h",Broad,"sklepy akumulatorów"
"Akumulateo - Pogotowie Akumulatorowe 24h",Broad,"radom"
"Akumulateo - Pogotowie Akumulatorowe 24h",Broad,"kraków"
"Akumulateo - Pogotowie Akumulatorowe 24h",Broad,"łódź"
"Akumulateo - Pogotowie Akumulatorowe 24h",Broad,"lublin"
"Akumulateo - Pogotowie Akumulatorowe 24h",Broad,"gdańsk"
"Akumulateo - Pogotowie Akumulatorowe 24h",Broad,"ostrowiec"
"Akumulateo - Pogotowie Akumulatorowe 24h",Broad,"akumulatory radom"
"Akumulateo - Pogotowie Akumulatorowe 24h",Broad,"akumulator radom"
"Akumulateo - Pogotowie Akumulatorowe 24h",Broad,"akumulatory łódź"
"Akumulateo - Pogotowie Akumulatorowe 24h",Broad,"akumulatory lublin"
"Akumulateo - Pogotowie Akumulatorowe 24h",Broad,"budowa akumulatorów"
"Akumulateo - Pogotowie Akumulatorowe 24h",Broad,"budowa akumulator"
"Akumulateo - Pogotowie Akumulatorowe 24h",Broad,"naprawa akumulatorków"
"Akumulateo - Pogotowie Akumulatorowe 24h",Broad,"ceny akumulatorów"
"Akumulateo - Pogotowie Akumulatorowe 24h",Broad,"ceny akumulatorow samochodowych"
"Akumulateo - Pogotowie Akumulatorowe 24h",Broad,"kupic akumulator"
"Akumulateo - Pogotowie Akumulatorowe 24h",Broad,"kupie akumulator"
"Akumulateo - Pogotowie Akumulatorowe 24h",Broad,"kupię akumulator"
"Akumulateo - Pogotowie Akumulatorowe 24h",Broad,"najnowsze akumulatory"
"Akumulateo - Pogotowie Akumulatorowe 24h",Broad,"uszkodzenie akumulatora"
"Akumulateo - Pogotowie Akumulatorowe 24h",Broad,"sprzedam akumulatory"
"Akumulateo - Pogotowie Akumulatorowe 24h",Broad,"obsluga akumulatora"
"Akumulateo - Pogotowie Akumulatorowe 24h",Broad,"błąd akumulatora"
"Akumulateo - Pogotowie Akumulatorowe 24h",Broad,"działanie akumulatora"
"Akumulateo - Pogotowie Akumulatorowe 24h",Broad,"wartość akumulatora"
"Akumulateo - Pogotowie Akumulatorowe 24h",Broad,"wymontowanie akumulatora"
"Akumulateo - Pogotowie Akumulatorowe 24h",Broad,"sprzedaż akumulatorów samochodowych"
"Akumulateo - Pogotowie Akumulatorowe 24h",Broad,"akumulator sprzedaż"
"Akumulateo - Pogotowie Akumulatorowe 24h",Broad,"firmy akumulatorów"
"Akumulateo - Pogotowie Akumulatorowe 24h",Broad,"aku akumulator"
"Akumulateo - Pogotowie Akumulatorowe 24h",Broad,"akumulator 2"
"Akumulateo - Pogotowie Akumulatorowe 24h",Broad,"akumulator pomocniczy"
"Akumulateo - Pogotowie Akumulatorowe 24h",Broad,"odłączanie akumulatora samochodowego"
"Akumulateo - Pogotowie Akumulatorowe 24h",Broad,"przeładowany akumulator"
"Akumulateo - Pogotowie Akumulatorowe 24h",Broad,"naprawa akumulatorow"
"Akumulateo - Pogotowie Akumulatorowe 24h",Broad,"akumulator cena"
"Akumulateo - Pogotowie Akumulatorowe 24h",Broad,"ile kosztuje akumulator do samochodu"
"Akumulateo - Pogotowie Akumulatorowe 24h",Broad,"Auto Kram"
"Akumulateo - Pogotowie Akumulatorowe 24h",Broad,"in plus"
"Akumulateo - Pogotowie Akumulatorowe 24h",Broad,"serwis 9 18"
"Akumulateo - Pogotowie Akumulatorowe 24h",Broad,"Inter Cars"
"Akumulateo - Pogotowie Akumulatorowe 24h",Broad,"tanie"
"Akumulateo - Pogotowie Akumulatorowe 24h",Broad,"parametry"
"Akumulateo - Pogotowie Akumulatorowe 24h",Broad,"akumulatory marki fabryczna"
"Akumulateo - Pogotowie Akumulatorowe 24h",Broad,"centrum akumulatorów józefów"
"Akumulateo - Pogotowie Akumulatorowe 24h",Broad,"akumulatory fabryczna marki"
"Akumulateo - Pogotowie Akumulatorowe 24h",Broad,"specpart"
"Akumulateo - Pogotowie Akumulatorowe 24h",Broad,"dostawcy prądu"
"Akumulateo - Pogotowie Akumulatorowe 24h",Broad,"superakumulatory"
"Akumulateo - Pogotowie Akumulatorowe 24h",Broad,"Auto Partner"
"Akumulateo - Pogotowie Akumulatorowe 24h",Broad,"Specpart"
"Akumulateo - Pogotowie Akumulatorowe 24h",Broad,"AK-POL"
"Akumulateo - Pogotowie Akumulatorowe 24h",Broad,"Świat Akumulatorów"
"Akumulateo - Pogotowie Akumulatorowe 24h",Broad,"allegro"
"Akumulateo - Pogotowie Akumulatorowe 24h",Broad,"osram"
"Akumulateo - Pogotowie Akumulatorowe 24h",Broad,"centra"
"Akumulateo - Pogotowie Akumulatorowe 24h",Broad,"banner"
"Akumulateo - Pogotowie Akumulatorowe 24h",Broad,"jenox"
