Campaign,Ad Group,Keyword,Criterion Type,Status
"Akumulateo - Pogotowie Akumulatorowe 24h","Pogotowie Akumulatorowe Warszawa","pogotowie akumulatorowe warszawa",Phrase,Enabled
"Akumulateo - Pogotowie Akumulatorowe 24h","Pogotowie Akumulatorowe Warszawa","Wymiana akumulatora z dojazdem",Phrase,Enabled
"Akumulateo - Pogotowie Akumulatorowe 24h","Pogotowie Akumulatorowe Warszawa","Uruchamianie auta boosterem",Phrase,Enabled
"Akumulateo - Pogotowie Akumulatorowe 24h","Pogotowie Akumulatorowe Warszawa","Mobilny serwis akumulatorów",Phrase,Enabled
"Akumulateo - Pogotowie Akumulatorowe 24h","Pogotowie Akumulatorowe Warszawa","Awaryjne uruchamianie auta Warszawa",Phrase,Enabled
"Akumulateo - Pogotowie Akumulatorowe 24h","Pogotowie Akumulatorowe Warszawa","Dowóz akumulatora",Phrase,Enabled
"Akumulateo - Pogotowie Akumulatorowe 24h","Pogotowie Akumulatorowe Warszawa","wymiana akumulatora z dojazdem cena",Phrase,Enabled
"Akumulateo - Pogotowie Akumulatorowe 24h","Pogotowie Akumulatorowe Warszawa","wymiana akumulatorów",Phrase,Enabled
"Akumulateo - Pogotowie Akumulatorowe 24h","Pogotowie Akumulatorowe Warszawa","wymiana akumulatora z dojazdem",Phrase,Enabled
"Akumulateo - Pogotowie Akumulatorowe 24h","Pogotowie Akumulatorowe Warszawa","akumulatory 24h",Phrase,Enabled
"Akumulateo - Pogotowie Akumulatorowe 24h","Pogotowie Akumulatorowe Warszawa","mobilna wymiana akumulatora",Phrase,Enabled
"Akumulateo - Pogotowie Akumulatorowe 24h","Pogotowie Akumulatorowe Warszawa","akumulatory 24h warszawa",Phrase,Enabled
"Akumulateo - Pogotowie Akumulatorowe 24h","Pogotowie Akumulatorowe Warszawa","akumulatory warszawa 24h",Phrase,Enabled
"Akumulateo - Pogotowie Akumulatorowe 24h","Pogotowie Akumulatorowe Warszawa","akumulator 24h",Phrase,Enabled
"Akumulateo - Pogotowie Akumulatorowe 24h","Pogotowie Akumulatorowe Warszawa","pomoc akumulatorowa",Phrase,Enabled
"Akumulateo - Pogotowie Akumulatorowe 24h","Pogotowie Akumulatorowe Warszawa","wymiana akumulatora u klienta",Phrase,Enabled
"Akumulateo - Pogotowie Akumulatorowe 24h","Pogotowie Akumulatorowe Warszawa","wymiana akumulatora",Phrase,Enabled
"Akumulateo - Pogotowie Akumulatorowe 24h","Pogotowie Akumulatorowe Warszawa","mobilny serwis akumulatorów",Phrase,Enabled
"Akumulateo - Pogotowie Akumulatorowe 24h","Pogotowie Akumulatorowe Warszawa","wymiana akumulatora samochodowego",Phrase,Enabled
"Akumulateo - Pogotowie Akumulatorowe 24h","Pogotowie Akumulatorowe Warszawa","akumulator na miejscu warszawa",Phrase,Enabled
"Akumulateo - Pogotowie Akumulatorowe 24h","Pogotowie Akumulatorowe Warszawa","mobilne pogotowie akumulatorowe",Phrase,Enabled
"Akumulateo - Pogotowie Akumulatorowe 24h","Pogotowie Akumulatorowe Warszawa","akumulator z montażem warszawa",Phrase,Enabled
"Akumulateo - Pogotowie Akumulatorowe 24h","Pogotowie Akumulatorowe Warszawa","akumulator z wymianą warszawa",Phrase,Enabled
"Akumulateo - Pogotowie Akumulatorowe 24h","Pogotowie Akumulatorowe Warszawa","awaryjne odpalanie samochodu warszawa",Phrase,Enabled
"Akumulateo - Pogotowie Akumulatorowe 24h","Pogotowie Akumulatorowe Warszawa","uruchomienie samochodu boosterem",Phrase,Enabled
"Akumulateo - Pogotowie Akumulatorowe 24h","Pogotowie Akumulatorowe Warszawa","wymiana akumulatora na miejscu",Phrase,Enabled
"Akumulateo - Pogotowie Akumulatorowe 24h","Pogotowie Akumulatorowe Warszawa","pogotowie akumulatorowe warszawa 24h",Phrase,Enabled
"Akumulateo - Pogotowie Akumulatorowe 24h","Pogotowie Akumulatorowe Warszawa","awaryjne uruchamianie samochodu",Phrase,Enabled
"Akumulateo - Pogotowie Akumulatorowe 24h","Pogotowie Akumulatorowe Warszawa","Awaryjne odpalenie samochodu",Phrase,Enabled
"Akumulateo - Pogotowie Akumulatorowe 24h","Pogotowie Akumulatorowe Warszawa","odpalenia pojazdów",Phrase,Enabled
"Akumulateo - Pogotowie Akumulatorowe 24h","Pogotowie Akumulatorowe Warszawa","awaryjne uruchamianie samochodów",Phrase,Enabled
"Akumulateo - Pogotowie Akumulatorowe 24h","Pogotowie Akumulatorowe Warszawa","pogotowie akumulatorowe",Phrase,Enabled
"Akumulateo - Pogotowie Akumulatorowe 24h","Pogotowie Akumulatorowe Warszawa","odpalanie auta warszawa",Phrase,Enabled
"Akumulateo - Pogotowie Akumulatorowe 24h","Pogotowie Akumulatorowe Warszawa","akumulator z dowozem warszawa",Phrase,Enabled
"Akumulateo - Pogotowie Akumulatorowe 24h","Pogotowie Akumulatorowe Warszawa","mobilna wymiana akumulatora warszawa",Phrase,Enabled
"Akumulateo - Pogotowie Akumulatorowe 24h","Pogotowie Akumulatorowe Warszawa","wymiana akumulatora u klienta warszawa",Phrase,Enabled
"Akumulateo - Pogotowie Akumulatorowe 24h","Pogotowie Akumulatorowe Warszawa","wymiana akumulatora warszawa",Phrase,Enabled
"Akumulateo - Pogotowie Akumulatorowe 24h","Pogotowie Akumulatorowe Warszawa","wymiana akumulatora z dojazdem warszawa",Phrase,Enabled
"Akumulateo - Pogotowie Akumulatorowe 24h","Pogotowie Akumulatorowe Warszawa","rozładowany akumulator warszawa",Phrase,Enabled
"Akumulateo - Pogotowie Akumulatorowe 24h","Pogotowie Akumulatorowe Warszawa","odpalanie auta",Phrase,Enabled
"Akumulateo - Pogotowie Akumulatorowe 24h","Pogotowie Akumulatorowe Warszawa","awaryjne odpalanie auta",Phrase,Enabled
"Akumulateo - Pogotowie Akumulatorowe 24h","Pogotowie Akumulatorowe Warszawa","awaryjne odpalanie samochodu",Phrase,Enabled
"Akumulateo - Pogotowie Akumulatorowe 24h","Pogotowie Akumulatorowe Warszawa","rozładowany akumulator",Phrase,Enabled
"Akumulateo - Pogotowie Akumulatorowe 24h","Pogotowie Akumulatorowe Warszawa","dojazd z akumulatorem",Phrase,Enabled
"Akumulateo - Pogotowie Akumulatorowe 24h","Pogotowie Akumulatorowe Warszawa","pomoc z akumulatorem",Phrase,Enabled
"Akumulateo - Pogotowie Akumulatorowe 24h","Pogotowie Akumulatorowe Warszawa","auto nie odpala pomoc",Phrase,Enabled
"Akumulateo - Pogotowie Akumulatorowe 24h","Pogotowie Akumulatorowe Warszawa","padł akumulator warszawa",Phrase,Enabled
"Akumulateo - Pogotowie Akumulatorowe 24h","Pogotowie Akumulatorowe Warszawa","jump start warsaw",Phrase,Enabled
"Akumulateo - Pogotowie Akumulatorowe 24h","Pogotowie Akumulatorowe Warszawa","auto nie odpala warszawa",Phrase,Enabled
"Akumulateo - Pogotowie Akumulatorowe 24h","Pogotowie Akumulatorowe Warszawa","awaryjne odpalenie warszawa",Phrase,Enabled
"Akumulateo - Pogotowie Akumulatorowe 24h","Pogotowie Akumulatorowe Warszawa","rozładowany akumulator pomoc",Phrase,Enabled
"Akumulateo - Pogotowie Akumulatorowe 24h","Pogotowie Akumulatorowe Warszawa","rozruch samochodu warszawa",Phrase,Enabled
"Akumulateo - Pogotowie Akumulatorowe 24h","Pogotowie Akumulatorowe Warszawa","akumulatory serwis pogotowie akumulatorowe",Phrase,Enabled
"Akumulateo - Pogotowie Akumulatorowe 24h","Pogotowie Akumulatorowe Warszawa","akumulator z dowozem",Phrase,Enabled
"Akumulateo - Pogotowie Akumulatorowe 24h","Pogotowie Akumulatorowe Warszawa","pogotowie akumulatorowe modlin",Phrase,Enabled
"Akumulateo - Pogotowie Akumulatorowe 24h","Pogotowie Akumulatorowe Warszawa","wymiana akumulatora modlin",Phrase,Enabled
"Akumulateo - Pogotowie Akumulatorowe 24h","Pogotowie Akumulatorowe Warszawa","akumulatory 24h modlin",Phrase,Enabled
"Akumulateo - Pogotowie Akumulatorowe 24h","Pogotowie Akumulatorowe Warszawa","pogotowie akumulatorowe Piaseczno",Phrase,Enabled
"Akumulateo - Pogotowie Akumulatorowe 24h","Pogotowie Akumulatorowe Warszawa","pogotowie akumulatorowe otwock",Phrase,Enabled
"Akumulateo - Pogotowie Akumulatorowe 24h","Pogotowie Akumulatorowe Warszawa","Dostawa Akumulatora z Montażem",Phrase,Enabled
"Akumulateo - Pogotowie Akumulatorowe 24h","Pogotowie Akumulatorowe Warszawa","montaż akumulatora",Phrase,Enabled
"Akumulateo - Pogotowie Akumulatorowe 24h","Pogotowie Akumulatorowe Warszawa","awaryjne uruchomienie auta",Phrase,Enabled
"Akumulateo - Pogotowie Akumulatorowe 24h","Pogotowie Akumulatorowe Warszawa","awaryjne uruchomienie samochodu",Phrase,Enabled
"Akumulateo - Pogotowie Akumulatorowe 24h","Pogotowie Akumulatorowe Warszawa","awaryjne uruchomienie auta 24/7",Phrase,Enabled
"Akumulateo - Pogotowie Akumulatorowe 24h","Pogotowie Akumulatorowe Warszawa","pogotowie akumulatorowe Warszawa",Phrase,Enabled
"Akumulateo - Pogotowie Akumulatorowe 24h","Pogotowie Akumulatorowe Warszawa","usługa ładowania akumulatora",Phrase,Enabled
"Akumulateo - Pogotowie Akumulatorowe 24h","Pogotowie Akumulatorowe Warszawa","wymiana akumulatora cena",Phrase,Enabled
"Akumulateo - Pogotowie Akumulatorowe 24h","Pogotowie Akumulatorowe Warszawa","diagnostyka akumulatora",Phrase,Enabled
"Akumulateo - Pogotowie Akumulatorowe 24h","Pogotowie Akumulatorowe Warszawa","pomoc drogowa akumulator",Phrase,Enabled
"Akumulateo - Pogotowie Akumulatorowe 24h","Pogotowie Akumulatorowe Warszawa","akumulator wymiana",Phrase,Enabled
